item,wave,paired_nonmissing,paired_coverage,n_unique,values,min,max,entropy_nats,eligible_closed_choice
CC20_300_1,source_pre,51551,1.0,2,"[1.0, 2.0]",1.0,2.0,0.5671056303832435,True
CC20_300_2,source_pre,51551,1.0,2,"[1.0, 2.0]",1.0,2.0,0.6586569515206309,True
CC20_300_3,source_pre,51551,1.0,2,"[1.0, 2.0]",1.0,2.0,0.6717298826851512,True
CC20_300_4,source_pre,51551,1.0,2,"[1.0, 2.0]",1.0,2.0,0.6099030295174943,True
CC20_300_5,source_pre,51551,1.0,2,"[1.0, 2.0]",1.0,2.0,0.16769500683306734,True
CC20_300a,source_pre,31908,0.6189598649880701,3,"[1.0, 2.0, 3.0]",1.0,3.0,1.0555465506027546,True
CC20_300b_1,source_pre,23232,0.45066051095032106,2,"[1.0, 2.0]",1.0,2.0,0.65001373769766,False
CC20_300b_2,source_pre,23232,0.45066051095032106,2,"[1.0, 2.0]",1.0,2.0,0.6254257314133922,False
CC20_300b_3,source_pre,23232,0.45066051095032106,2,"[1.0, 2.0]",1.0,2.0,0.644900389415051,False
CC20_300b_4,source_pre,23232,0.45066051095032106,2,"[1.0, 2.0]",1.0,2.0,0.669899096224803,False
CC20_300b_5,source_pre,23232,0.45066051095032106,2,"[1.0, 2.0]",1.0,2.0,0.6709387907851343,False
CC20_300b_6,source_pre,23232,0.45066051095032106,2,"[1.0, 2.0]",1.0,2.0,0.6166713805736832,False
CC20_300b_7,source_pre,23232,0.45066051095032106,2,"[1.0, 2.0]",1.0,2.0,0.41526076935603595,False
CC20_300b_8,source_pre,23232,0.45066051095032106,2,"[1.0, 2.0]",1.0,2.0,0.3156949312971932,False
CC20_300c,source_pre,20154,0.3909526488331943,3,"[1.0, 2.0, 3.0]",1.0,3.0,0.8927275810980817,False
CC20_300d_1,source_pre,38439,0.7456499388954627,2,"[1.0, 2.0]",1.0,2.0,0.5536344572101168,True
CC20_300d_2,source_pre,38439,0.7456499388954627,2,"[1.0, 2.0]",1.0,2.0,0.6171703478295699,True
CC20_300d_3,source_pre,38439,0.7456499388954627,2,"[1.0, 2.0]",1.0,2.0,0.674999037378852,True
CC20_300d_4,source_pre,38439,0.7456499388954627,2,"[1.0, 2.0]",1.0,2.0,0.5454881326725542,True
CC20_300d_5,source_pre,38439,0.7456499388954627,2,"[1.0, 2.0]",1.0,2.0,0.5801676556094569,True
CC20_300d_6,source_pre,37292,0.7234001280285542,2,"[1.0, 2.0]",1.0,2.0,0.6131282251195984,True
CC20_302,source_pre,51460,0.9982347578126516,6,"[1.0, 2.0, 3.0, 4.0, 5.0, 6.0]",1.0,6.0,1.4684927749973486,True
CC20_303,source_pre,51484,0.9987003161917325,5,"[1.0, 2.0, 3.0, 4.0, 5.0]",1.0,5.0,1.2666130216247058,True
CC20_305_1,source_pre,51551,1.0,2,"[1.0, 2.0]",1.0,2.0,0.1290637957603295,True
CC20_305_10,source_pre,51551,1.0,2,"[1.0, 2.0]",1.0,2.0,0.46941165610577085,True
CC20_305_11,source_pre,51551,1.0,2,"[1.0, 2.0]",1.0,2.0,0.66873168434308,True
CC20_305_12,source_pre,51551,1.0,2,"[1.0, 2.0]",1.0,2.0,0.40223779070060783,True
CC20_305_13,source_pre,51551,1.0,2,"[1.0, 2.0]",1.0,2.0,0.26836226132594987,True
CC20_305_2,source_pre,51551,1.0,2,"[1.0, 2.0]",1.0,2.0,0.31833493480026115,True
CC20_305_3,source_pre,51551,1.0,2,"[1.0, 2.0]",1.0,2.0,0.1040172614346336,True
CC20_305_4,source_pre,51551,1.0,2,"[1.0, 2.0]",1.0,2.0,0.1465777767437152,True
CC20_305_5,source_pre,51551,1.0,2,"[1.0, 2.0]",1.0,2.0,0.055866893572445765,True
CC20_305_6,source_pre,51551,1.0,2,"[1.0, 2.0]",1.0,2.0,0.10141570825986757,True
CC20_305_7,source_pre,51551,1.0,2,"[1.0, 2.0]",1.0,2.0,0.31911342814882804,True
CC20_305_9,source_pre,51551,1.0,2,"[1.0, 2.0]",1.0,2.0,0.13015869105561964,True
CC20_307,source_pre,51484,0.9987003161917325,4,"[1.0, 2.0, 3.0, 4.0]",1.0,4.0,1.1671283804179653,True
CC20_309a_1,source_pre,51551,1.0,2,"[1.0, 2.0]",1.0,2.0,0.18008131095136193,True
CC20_309a_2,source_pre,51551,1.0,2,"[1.0, 2.0]",1.0,2.0,0.5115123100235909,True
CC20_309a_3,source_pre,51551,1.0,2,"[1.0, 2.0]",1.0,2.0,0.6283183830911819,True
CC20_309a_4,source_pre,51551,1.0,2,"[1.0, 2.0]",1.0,2.0,0.37620828956103913,True
CC20_309a_5,source_pre,51551,1.0,2,"[1.0, 2.0]",1.0,2.0,0.6904063511685687,True
CC20_309b_1,source_pre,10731,0.20816279024655196,2,"[1.0, 2.0]",1.0,2.0,0.5339147965622655,False
CC20_309b_2,source_pre,16599,0.3219918139318345,2,"[1.0, 2.0]",1.0,2.0,0.6240367340435138,False
CC20_309b_3,source_pre,6431,0.12475024732788889,2,"[1.0, 2.0]",1.0,2.0,0.3902026446446285,False
CC20_309b_4,source_pre,26501,0.5140734418343,2,"[1.0, 2.0]",1.0,2.0,0.6162544045958657,True
CC20_309c_1,source_pre,51551,1.0,2,"[1.0, 2.0]",1.0,2.0,0.32401183354759006,True
CC20_309c_10,source_pre,51551,1.0,2,"[1.0, 2.0]",1.0,2.0,0.6896171167263538,True
CC20_309c_2,source_pre,51551,1.0,2,"[1.0, 2.0]",1.0,2.0,0.21075283306862624,True
CC20_309c_3,source_pre,51551,1.0,2,"[1.0, 2.0]",1.0,2.0,0.16707763159038339,True
CC20_309c_4,source_pre,51551,1.0,2,"[1.0, 2.0]",1.0,2.0,0.15528204687335034,True
CC20_309c_5,source_pre,51551,1.0,2,"[1.0, 2.0]",1.0,2.0,0.10527294295871256,True
CC20_309c_6,source_pre,51551,1.0,2,"[1.0, 2.0]",1.0,2.0,0.24057038406346504,True
CC20_309c_7,source_pre,51551,1.0,2,"[1.0, 2.0]",1.0,2.0,0.5242876778993202,True
CC20_309c_8,source_pre,51551,1.0,2,"[1.0, 2.0]",1.0,2.0,0.2118052431224861,True
CC20_309c_9,source_pre,51551,1.0,2,"[1.0, 2.0]",1.0,2.0,0.14303755128082196,True
CC20_309dx_1,source_pre,51551,1.0,2,"[1.0, 2.0]",1.0,2.0,0.6212440080835282,True
CC20_309dx_2,source_pre,51551,1.0,2,"[1.0, 2.0]",1.0,2.0,0.4647648615184229,True
CC20_309dx_3,source_pre,51551,1.0,2,"[1.0, 2.0]",1.0,2.0,0.681546572590943,True
CC20_309dx_4,source_pre,51551,1.0,2,"[1.0, 2.0]",1.0,2.0,0.11234265578619776,True
CC20_309dx_5,source_pre,51551,1.0,2,"[1.0, 2.0]",1.0,2.0,0.30559739467349645,True
CC20_309dx_6,source_pre,51551,1.0,2,"[1.0, 2.0]",1.0,2.0,0.09193495078000564,True
CC20_309dx_7,source_pre,51551,1.0,2,"[1.0, 2.0]",1.0,2.0,0.220835660232578,True
CC20_309dx_8,source_pre,51551,1.0,2,"[1.0, 2.0]",1.0,2.0,0.4353941642461596,True
CC20_309dx_9,source_pre,51551,1.0,2,"[1.0, 2.0]",1.0,2.0,0.10394323796092345,True
CC20_309e,source_pre,51529,0.9995732381525092,5,"[1.0, 2.0, 3.0, 4.0, 5.0]",1.0,5.0,1.3830534380462303,True
CC20_310a,source_pre,51540,0.9997866190762545,4,"[1.0, 2.0, 3.0, 4.0]",1.0,4.0,0.8669810875926344,True
CC20_310b,source_pre,51534,0.9996702294814843,4,"[1.0, 2.0, 3.0, 4.0]",1.0,4.0,0.7670117701467017,True
CC20_310c,source_pre,51381,0.9967022948148435,4,"[1.0, 2.0, 3.0, 4.0]",1.0,4.0,1.1584801845067945,True
CC20_310d,source_pre,51382,0.9967216930806386,4,"[1.0, 2.0, 3.0, 4.0]",1.0,4.0,1.1633199245883548,True
CC20_311a,source_pre,51368,0.9964501173595081,5,"[1.0, 2.0, 3.0, 4.0, 5.0]",1.0,5.0,0.9891120628388185,True
CC20_311b,source_pre,51365,0.996391922562123,5,"[1.0, 2.0, 3.0, 4.0, 5.0]",1.0,5.0,1.1111017784119213,True
CC20_311c,source_pre,51369,0.9964695156253031,5,"[1.0, 2.0, 3.0, 4.0, 5.0]",1.0,5.0,1.1146394431367816,True
CC20_311d,source_pre,51044,0.9901650792419158,5,"[1.0, 2.0, 3.0, 4.0, 5.0]",1.0,5.0,1.2037635933599666,True
CC20_320a,source_pre,51521,0.9994180520261489,5,"[1.0, 2.0, 3.0, 4.0, 5.0]",1.0,5.0,1.1917309605601993,True
CC20_320b,source_pre,51486,0.9987391127233225,5,"[1.0, 2.0, 3.0, 4.0, 5.0]",1.0,5.0,1.3716212953721365,True
CC20_320c,source_pre,51494,0.9988942988496828,5,"[1.0, 2.0, 3.0, 4.0, 5.0]",1.0,5.0,1.4662350119598724,True
CC20_320d,source_pre,51349,0.9960815503094024,5,"[1.0, 2.0, 3.0, 4.0, 5.0]",1.0,5.0,1.4762298801296043,True
CC20_320e,source_pre,51334,0.9957905763224768,5,"[1.0, 2.0, 3.0, 4.0, 5.0]",1.0,5.0,1.5347931834774573,True
CC20_320f,source_pre,51019,0.9896801225970399,5,"[1.0, 2.0, 3.0, 4.0, 5.0]",1.0,5.0,1.5686231240786335,True
CC20_320g,source_pre,51353,0.9961591433725825,5,"[1.0, 2.0, 3.0, 4.0, 5.0]",1.0,5.0,1.5744927491282437,True
CC20_320h,source_pre,51346,0.9960233555120173,5,"[1.0, 2.0, 3.0, 4.0, 5.0]",1.0,5.0,1.5559890510366121,True
CC20_327a,source_pre,51465,0.9983317491416267,2,"[1.0, 2.0]",1.0,2.0,0.6661757769144323,True
CC20_327b,source_pre,51442,0.9978855890283409,2,"[1.0, 2.0]",1.0,2.0,0.3031319977107851,True
CC20_327c,source_pre,51445,0.997943783825726,2,"[1.0, 2.0]",1.0,2.0,0.679242819527573,True
CC20_327d,source_pre,51426,0.9975752167756202,2,"[1.0, 2.0]",1.0,2.0,0.6746825208427244,True
CC20_327e,source_pre,51452,0.9980795716862912,2,"[1.0, 2.0]",1.0,2.0,0.6774241871896761,True
CC20_327f,source_pre,51440,0.9978467924967508,2,"[1.0, 2.0]",1.0,2.0,0.609673679844086,True
CC20_330a,source_pre,51539,0.9997672208104595,2,"[1.0, 2.0]",1.0,2.0,0.69019992333182,True
CC20_330b,source_pre,51542,0.9998254156078447,2,"[1.0, 2.0]",1.0,2.0,0.6397886682829802,True
CC20_330c,source_pre,51537,0.9997284242788694,2,"[1.0, 2.0]",1.0,2.0,0.6478905314237668,True
CC20_331a,source_pre,51498,0.998971891912863,2,"[1.0, 2.0]",1.0,2.0,0.6122335068055307,True
CC20_331b,source_pre,51506,0.9991270780392233,2,"[1.0, 2.0]",1.0,2.0,0.6737956661301494,True
CC20_331c,source_pre,51509,0.9991852728366084,2,"[1.0, 2.0]",1.0,2.0,0.6827495108779491,True
CC20_331d,source_pre,51480,0.9986227231285523,2,"[1.0, 2.0]",1.0,2.0,0.6664516214544625,True
CC20_331e,source_pre,51505,0.9991076797734283,2,"[1.0, 2.0]",1.0,2.0,0.6747883233922806,True
CC20_332a,source_pre,51537,0.9997284242788694,2,"[1.0, 2.0]",1.0,2.0,0.672154434836757,True
CC20_332b,source_pre,51531,0.9996120346840992,2,"[1.0, 2.0]",1.0,2.0,0.6805287797396128,True
CC20_332c,source_pre,51530,0.9995926364183042,2,"[1.0, 2.0]",1.0,2.0,0.6864705072063062,True
CC20_332d,source_pre,51535,0.9996896277472794,2,"[1.0, 2.0]",1.0,2.0,0.6737597465625311,True
CC20_332e,source_pre,51536,0.9997090260130744,2,"[1.0, 2.0]",1.0,2.0,0.6806086648196261,True
CC20_332f,source_pre,51527,0.9995344416209191,2,"[1.0, 2.0]",1.0,2.0,0.42260639909363434,True
CC20_332g,source_pre,51529,0.9995732381525092,2,"[1.0, 2.0]",1.0,2.0,0.6693149133881939,True
CC20_333a,source_pre,51534,0.9996702294814843,2,"[1.0, 2.0]",1.0,2.0,0.6131939028361224,True
CC20_333b,source_pre,51538,0.9997478225446645,2,"[1.0, 2.0]",1.0,2.0,0.6372468635499491,True
CC20_333c,source_pre,51538,0.9997478225446645,2,"[1.0, 2.0]",1.0,2.0,0.6579247888896409,True
CC20_333d,source_pre,51535,0.9996896277472794,2,"[1.0, 2.0]",1.0,2.0,0.6212746162587726,True
CC20_334a,source_pre,51537,0.9997284242788694,2,"[1.0, 2.0]",1.0,2.0,0.5899159894002524,True
CC20_334b,source_pre,51537,0.9997284242788694,2,"[1.0, 2.0]",1.0,2.0,0.2491696650775805,True
CC20_334c,source_pre,51532,0.9996314329498943,2,"[1.0, 2.0]",1.0,2.0,0.6902540764970333,True
CC20_334d,source_pre,51526,0.9995150433551241,2,"[1.0, 2.0]",1.0,2.0,0.6711157335124243,True
CC20_334e,source_pre,51527,0.9995344416209191,2,"[1.0, 2.0]",1.0,2.0,0.5401376309548098,True
CC20_334f,source_pre,51527,0.9995344416209191,2,"[1.0, 2.0]",1.0,2.0,0.47757930587546216,True
CC20_334g,source_pre,51531,0.9996120346840992,2,"[1.0, 2.0]",1.0,2.0,0.69314562130951,True
CC20_334h,source_pre,51527,0.9995344416209191,2,"[1.0, 2.0]",1.0,2.0,0.5379784188985529,True
CC20_338a,source_pre,51051,0.990300867102481,2,"[1.0, 2.0]",1.0,2.0,0.6721980886283774,True
CC20_338b,source_pre,51021,0.9897189191286299,2,"[1.0, 2.0]",1.0,2.0,0.6838807986343742,True
CC20_338c,source_pre,50922,0.9877984908149211,2,"[1.0, 2.0]",1.0,2.0,0.636948862107005,True
CC20_338d,source_pre,50851,0.9864212139434735,2,"[1.0, 2.0]",1.0,2.0,0.6902976884000109,True
CC20_340a,source_pre,51531,0.9996120346840992,8,"[1.0, 2.0, 3.0, 4.0, 5.0, 6.0, 7.0, 8.0]",1.0,8.0,1.9857714596186584,True
CC20_340b,source_pre,51164,0.9924928711373203,8,"[1.0, 2.0, 3.0, 4.0, 5.0, 6.0, 7.0, 8.0]",1.0,8.0,2.0622724201602725,True
CC20_340c,source_pre,51533,0.9996508312156893,8,"[1.0, 2.0, 3.0, 4.0, 5.0, 6.0, 7.0, 8.0]",1.0,8.0,1.7876963353241098,True
CC20_340d,source_pre,51529,0.9995732381525092,8,"[1.0, 2.0, 3.0, 4.0, 5.0, 6.0, 7.0, 8.0]",1.0,8.0,1.6391242615805235,True
CC20_340e,source_pre,51534,0.9996702294814843,8,"[1.0, 2.0, 3.0, 4.0, 5.0, 6.0, 7.0, 8.0]",1.0,8.0,1.7096566850599815,True
CC20_340f,source_pre,51525,0.999495645089329,8,"[1.0, 2.0, 3.0, 4.0, 5.0, 6.0, 7.0, 8.0]",1.0,8.0,1.5696384018667808,True
CC20_340g,source_pre,39227,0.7609357723419526,8,"[1.0, 2.0, 3.0, 4.0, 5.0, 6.0, 7.0, 8.0]",1.0,8.0,2.0181270310307147,True
CC20_340h,source_pre,36385,0.7058059009524549,8,"[1.0, 2.0, 3.0, 4.0, 5.0, 6.0, 7.0, 8.0]",1.0,8.0,2.0063087146979326,True
CC20_340i,source_pre,27507,0.5335880972241082,8,"[1.0, 2.0, 3.0, 4.0, 5.0, 6.0, 7.0, 8.0]",1.0,8.0,1.7610999499337994,True
CC20_340j,source_pre,27502,0.5334911058951329,8,"[1.0, 2.0, 3.0, 4.0, 5.0, 6.0, 7.0, 8.0]",1.0,8.0,1.640806820177304,True
CC20_340k,source_pre,50851,0.9864212139434735,8,"[1.0, 2.0, 3.0, 4.0, 5.0, 6.0, 7.0, 8.0]",1.0,8.0,1.630168945371164,True
CC20_340l,source_pre,50603,0.981610444026304,8,"[1.0, 2.0, 3.0, 4.0, 5.0, 6.0, 7.0, 8.0]",1.0,8.0,1.4827662620265345,True
CC20_340m,source_pre,5079,0.09852379197299761,8,"[1.0, 2.0, 3.0, 4.0, 5.0, 6.0, 7.0, 8.0]",1.0,8.0,1.833471153293607,False
CC20_350a,source_pre,51506,0.9991270780392233,2,"[1.0, 2.0]",1.0,2.0,0.5279057824792938,True
CC20_350b,source_pre,51520,0.9993986537603539,2,"[1.0, 2.0]",1.0,2.0,0.6352102311198647,True
CC20_350c,source_pre,51500,0.9990106884444531,2,"[1.0, 2.0]",1.0,2.0,0.68566993372847,True
CC20_350d,source_pre,51498,0.998971891912863,2,"[1.0, 2.0]",1.0,2.0,0.30236616952330597,True
CC20_350e,source_pre,51486,0.9987391127233225,2,"[1.0, 2.0]",1.0,2.0,0.5335874805064291,True
CC20_350f,source_pre,51507,0.9991464763050183,2,"[1.0, 2.0]",1.0,2.0,0.6874205642235618,True
CC20_350g,source_pre,51499,0.9989912901786581,2,"[1.0, 2.0]",1.0,2.0,0.6893906988449903,True
CC20_351a,source_pre,51268,0.9945102907800043,2,"[1.0, 2.0]",1.0,2.0,0.31978795475749155,True
CC20_351b,source_pre,51182,0.992842039921631,2,"[1.0, 2.0]",1.0,2.0,0.510356581814381,True
CC20_355a,source_pre,51211,0.9934045896296871,2,"[1.0, 2.0]",1.0,2.0,0.6604650308347093,True
CC20_355b,source_pre,51116,0.9915617543791585,2,"[1.0, 2.0]",1.0,2.0,0.6606014114106908,True
CC20_355c,source_pre,51254,0.9942387150588737,2,"[1.0, 2.0]",1.0,2.0,0.6570816539518183,True
CC20_355d,source_pre,51264,0.9944326977168241,2,"[1.0, 2.0]",1.0,2.0,0.6191187683002779,True
CC20_355e,source_pre,51299,0.9951116370196504,2,"[1.0, 2.0]",1.0,2.0,0.6622747698273354,True
CC20_356,source_pre,51492,0.9988555023180927,3,"[1.0, 2.0, 3.0]",1.0,3.0,1.0425849662358304,True
CC20_356a,source_pre,51494,0.9988942988496828,3,"[1.0, 2.0, 3.0]",1.0,3.0,0.9530178553625792,True
CC20_360,source_pre,26246,0.5091268840565654,4,"[1.0, 2.0, 3.0, 4.0]",1.0,4.0,1.1319764423357603,True
CC20_361,source_pre,51480,0.9986227231285523,6,"[1.0, 2.0, 3.0, 4.0, 5.0, 6.0]",1.0,6.0,1.1349638521113676,True
CC20_363,source_pre,51508,0.9991658745708134,6,"[1.0, 2.0, 3.0, 4.0, 5.0, 6.0]",1.0,6.0,1.1535074702103736,True
CC20_364a,source_pre,10617,0.20595138794591764,5,"[1.0, 2.0, 3.0, 4.0, 5.0]",1.0,5.0,0.6907691368086655,False
CC20_364b,source_pre,40857,0.7925549455878644,5,"[1.0, 2.0, 3.0, 4.0, 5.0]",1.0,5.0,1.1151000202895294,True
CC20_365,source_pre,21526,0.41756706950398637,5,"[1.0, 2.0, 7.0, 8.0, 9.0]",1.0,9.0,1.1659636636645085,False
CC20_365_voted,source_pre,5952,0.11545847801206573,5,"[1.0, 2.0, 7.0, 8.0, 9.0]",1.0,9.0,0.7500624388586064,False
CC20_365b,source_pre,1246,0.024170239180617253,9,"[1.0, 2.0, 3.0, 4.0, 5.0, 6.0, 7.0, 8.0, 9.0]",1.0,9.0,1.7387712497812906,False
CC20_365b_voted,source_pre,372,0.007216154875754108,9,"[1.0, 2.0, 3.0, 4.0, 5.0, 6.0, 7.0, 8.0, 9.0]",1.0,9.0,1.2664711948296443,False
CC20_365c,source_pre,17996,0.3490911912475025,9,"[1.0, 2.0, 3.0, 4.0, 5.0, 6.0, 7.0, 8.0, 9.0]",1.0,9.0,1.0768719537047775,False
CC20_366,source_pre,5732,0.11119085953715738,5,"[1.0, 2.0, 7.0, 8.0, 9.0]",1.0,9.0,1.1746869124552954,False
CC20_366_voted,source_pre,1281,0.02484917848344358,5,"[1.0, 2.0, 7.0, 8.0, 9.0]",1.0,9.0,0.7281895583599379,False
CC20_367,source_pre,41078,0.7968419623285679,11,"[1.0, 2.0, 3.0, 4.0, 5.0, 6.0, 7.0, 8.0, 10.0, 98.0, 99.0]",1.0,99.0,1.2351952864680662,True
CC20_367_voted,source_pre,10610,0.20581560008535238,8,"[1.0, 2.0, 3.0, 6.0, 7.0, 10.0, 98.0, 99.0]",1.0,99.0,0.847069127329801,False
CC20_367a,source_pre,32268,0.6259432406742838,12,"[1.0, 2.0, 3.0, 4.0, 5.0, 6.0, 7.0, 8.0, 9.0, 10.0, 98.0, 99.0]",1.0,99.0,1.0871878225588163,False
CC20_401,target_post,48462,0.9400787569591279,5,"[1.0, 2.0, 3.0, 4.0, 5.0]",1.0,5.0,0.29408795938059046,True
CC20_402a,target_post,5899,0.11443036992492871,18,"[1.0, 2.0, 3.0, 4.0, 5.0, 6.0, 7.0, 8.0, 9.0, 10.0, 11.0, 12.0, 13.0, 14.0, 15.0, 16.0, 17.0, 55.0]",1.0,55.0,2.4546520125879314,False
CC20_402b,target_post,4021,0.07800042676184749,18,"[1.0, 2.0, 3.0, 4.0, 5.0, 6.0, 7.0, 8.0, 9.0, 10.0, 11.0, 12.0, 13.0, 14.0, 15.0, 16.0, 17.0, 55.0]",1.0,55.0,2.522279143312664,False
CC20_403,target_post,46050,0.8932901398614964,4,"[1.0, 2.0, 3.0, 4.0]",1.0,4.0,1.0868970337916601,True
CC20_403b,target_post,11744,0.22781323349692537,2,"[1.0, 2.0]",1.0,2.0,0.4877798442264042,False
CC20_403c,target_post,21576,0.41853698279373824,9,"[1.0, 2.0, 3.0, 4.0, 5.0, 6.0, 7.0, 8.0, 9.0]",1.0,9.0,1.7918353483205267,False
CC20_403d,target_post,16816,0.3262012376093577,6,"[1.0, 2.0, 3.0, 4.0, 5.0, 9.0]",1.0,9.0,0.6069262038824175,False
CC20_404,target_post,24219,0.4698065992900235,6,"[1.0, 2.0, 3.0, 4.0, 5.0, 6.0]",1.0,6.0,1.4930837623321396,False
CC20_405,target_post,16710,0.3241450214350837,2,"[1.0, 2.0]",1.0,2.0,0.30448574773923726,False
CC20_406a,target_post,46028,0.8928633780140055,2,"[1.0, 2.0]",1.0,2.0,0.1031064428363416,True
CC20_406b_1,target_post,1015,0.01968923978196349,2,"[1.0, 2.0]",1.0,2.0,0.5721274125862014,False
CC20_406b_2,target_post,1015,0.01968923978196349,2,"[1.0, 2.0]",1.0,2.0,0.6497037781609964,False
CC20_406b_3,target_post,1015,0.01968923978196349,2,"[1.0, 2.0]",1.0,2.0,0.43901581234480547,False
CC20_406c,target_post,964,0.018699928226416557,3,"[1.0, 2.0, 3.0]",1.0,3.0,0.7439582258493022,False
CC20_410,target_post,45651,0.8855502318092763,6,"[1.0, 2.0, 4.0, 5.0, 6.0, 7.0]",1.0,7.0,0.8346931356876407,True
CC20_411,target_post,24297,0.47131966402203646,6,"[1.0, 2.0, 4.0, 5.0, 6.0, 7.0]",1.0,7.0,0.8581429480023991,False
CC20_411b,target_post,1408,0.027312758239413395,10,"[1.0, 2.0, 3.0, 4.0, 5.0, 6.0, 7.0, 8.0, 9.0, 10.0]",1.0,10.0,1.3729954490141776,False
CC20_412,target_post,45579,0.8841535566720335,13,"[1.0, 2.0, 3.0, 4.0, 5.0, 6.0, 7.0, 8.0, 9.0, 10.0, 11.0, 12.0, 13.0]",1.0,13.0,0.9625949480226963,False
CC20_413,target_post,6240,0.12104517856103664,6,"[1.0, 2.0, 4.0, 5.0, 6.0, 7.0]",1.0,7.0,0.8886600015623067,False
CC20_414a,target_post,9742,0.18897790537525946,5,"[1.0, 2.0, 3.0, 4.0, 5.0]",1.0,5.0,1.067528341343998,False
CC20_414b,target_post,5466,0.10603092083567729,5,"[1.0, 2.0, 3.0, 4.0, 5.0]",1.0,5.0,1.0505557062509228,False
CC20_415c,target_post,45288,0.8785086613256775,5,"[1.0, 2.0, 3.0, 4.0, 5.0]",1.0,5.0,1.0434524723304242,True
CC20_415d,target_post,45532,0.8832418381796667,5,"[1.0, 2.0, 3.0, 4.0, 5.0]",1.0,5.0,1.021290047846527,True
CC20_416a,target_post,50388,0.9774398168803708,6,"[1.0, 2.0, 3.0, 4.0, 5.0, 6.0]",1.0,6.0,1.2906437424545876,True
CC20_416b,target_post,49863,0.9672557273379759,6,"[1.0, 2.0, 3.0, 4.0, 5.0, 6.0]",1.0,6.0,0.9908841969299759,True
CC20_416c,target_post,5215,0.10116195612112278,6,"[1.0, 2.0, 3.0, 4.0, 5.0, 6.0]",1.0,6.0,0.9100407267001596,False
CC20_420_1,target_post,51551,1.0,2,"[1.0, 2.0]",1.0,2.0,0.4813575232214678,True
CC20_420_2,target_post,51551,1.0,2,"[1.0, 2.0]",1.0,2.0,0.6639178832185968,True
CC20_420_3,target_post,51551,1.0,2,"[1.0, 2.0]",1.0,2.0,0.6923258998588833,True
CC20_420_4,target_post,51551,1.0,2,"[1.0, 2.0]",1.0,2.0,0.5010954473186834,True
CC20_420_5,target_post,51551,1.0,2,"[1.0, 2.0]",1.0,2.0,0.5408482914218423,True
CC20_420_6,target_post,51551,1.0,2,"[1.0, 2.0]",1.0,2.0,0.6931131962390649,True
CC20_420_7,target_post,51551,1.0,2,"[1.0, 2.0]",1.0,2.0,0.32839062444004574,True
CC20_421r,target_post,43005,0.8342224205156059,101,"[0.0, 1.0, 2.0, 3.0, 4.0, 5.0, 6.0, 7.0, 8.0, 9.0, 10.0, 11.0, 12.0, 13.0, 14.0, 15.0, 16.0, 17.0, 18.0, 19.0, 20.0, 21.0, 22.0, 23.0, 24.0, 25.0, 26.0, 27.0, 28.0, 29.0, 30.0, 31.0, 32.0, 33.0, 34.0, 35.0, 36.0, 37.0, 38.0, 39.0, 40.0, 41.0, 42.0, 43.0, 44.0, 45.0, 46.0, 47.0, 48.0, 49.0]",0.0,100.0,4.132981052836725,False
CC20_422r,target_post,40421,0.7840973017012279,101,"[0.0, 1.0, 2.0, 3.0, 4.0, 5.0, 6.0, 7.0, 8.0, 9.0, 10.0, 11.0, 12.0, 13.0, 14.0, 15.0, 16.0, 17.0, 18.0, 19.0, 20.0, 21.0, 22.0, 23.0, 24.0, 25.0, 26.0, 27.0, 28.0, 29.0, 30.0, 31.0, 32.0, 33.0, 34.0, 35.0, 36.0, 37.0, 38.0, 39.0, 40.0, 41.0, 42.0, 43.0, 44.0, 45.0, 46.0, 47.0, 48.0, 49.0]",0.0,100.0,4.120090204650045,False
CC20_430a_1,target_post,51551,1.0,2,"[1.0, 2.0]",1.0,2.0,0.29339575851179267,True
CC20_430a_2,target_post,51551,1.0,2,"[1.0, 2.0]",1.0,2.0,0.4976146441444248,True
CC20_430a_3,target_post,51551,1.0,2,"[1.0, 2.0]",1.0,2.0,0.2232654219792714,True
CC20_430a_4,target_post,51551,1.0,2,"[1.0, 2.0]",1.0,2.0,0.3106048641382659,True
CC20_430a_5,target_post,51551,1.0,2,"[1.0, 2.0]",1.0,2.0,0.5708693443835181,True
CC20_430a_6,target_post,51551,1.0,2,"[1.0, 2.0]",1.0,2.0,0.6184501961270628,True
CC20_430a_7,target_post,51551,1.0,2,"[1.0, 2.0]",1.0,2.0,0.3223422596134992,True
CC20_430a_8,target_post,51551,1.0,2,"[1.0, 2.0]",1.0,2.0,0.6921086668446371,True
CC20_430b_1,target_post,15954,0.30947993249403505,2,"[1.0, 2.0]",1.0,2.0,0.530464197629116,False
CC20_430b_10,target_post,15954,0.30947993249403505,2,"[1.0, 2.0]",1.0,2.0,0.19018136141023997,False
CC20_430b_2,target_post,15954,0.30947993249403505,2,"[1.0, 2.0]",1.0,2.0,0.5337330083843479,False
CC20_430b_3,target_post,15954,0.30947993249403505,2,"[1.0, 2.0]",1.0,2.0,0.6374657181347214,False
CC20_430b_4,target_post,15954,0.30947993249403505,2,"[1.0, 2.0]",1.0,2.0,0.4932118726959,False
CC20_430b_5,target_post,15954,0.30947993249403505,2,"[1.0, 2.0]",1.0,2.0,0.4310861021308414,False
CC20_430b_6,target_post,15954,0.30947993249403505,2,"[1.0, 2.0]",1.0,2.0,0.37331011554330035,False
CC20_430b_7,target_post,15954,0.30947993249403505,2,"[1.0, 2.0]",1.0,2.0,0.5916986829749453,False
CC20_430b_8,target_post,15954,0.30947993249403505,2,"[1.0, 2.0]",1.0,2.0,0.3363121588085044,False
CC20_430b_9,target_post,15954,0.30947993249403505,2,"[1.0, 2.0]",1.0,2.0,0.42519083524516044,False
CC20_430c,target_post,15451,0.29972260479913093,281,"[1.0, 2.0, 3.0, 4.0, 5.0, 6.0, 7.0, 8.0, 9.0, 10.0, 11.0, 12.0, 13.0, 14.0, 15.0, 16.0, 17.0, 18.0, 19.0, 20.0, 21.0, 22.0, 23.0, 24.0, 25.0, 26.0, 27.0, 28.0, 29.0, 30.0, 32.0, 33.0, 34.0, 35.0, 36.0, 37.0, 38.0, 39.0, 40.0, 42.0, 45.0, 46.0, 49.0, 50.0, 51.0, 52.0, 53.0, 54.0, 55.0, 57.0]",1.0,1000000.0,3.2983833381913055,False
CC20_431a,target_post,51481,0.9986421213943474,2,"[1.0, 2.0]",1.0,2.0,0.6574293619214674,True
CC20_431b_1,target_post,32579,0.6319761013365405,2,"[1.0, 2.0]",1.0,2.0,0.3326444962175631,True
CC20_431b_2,target_post,32579,0.6319761013365405,2,"[1.0, 2.0]",1.0,2.0,0.6803989719480044,True
CC20_431b_3,target_post,32579,0.6319761013365405,2,"[1.0, 2.0]",1.0,2.0,0.4841238889344722,True
CC20_431b_4,target_post,32579,0.6319761013365405,2,"[1.0, 2.0]",1.0,2.0,0.683894570833119,True
CC20_432a,target_post,51401,0.9970902601307443,2,"[1.0, 2.0]",1.0,2.0,0.15216364187026102,True
CC20_432b_1,target_post,1807,0.035052666291633526,2,"[1.0, 2.0]",1.0,2.0,0.5237095925545217,False
CC20_432b_10,target_post,1807,0.035052666291633526,2,"[1.0, 2.0]",1.0,2.0,0.12457227334687944,False
CC20_432b_11,target_post,1807,0.035052666291633526,2,"[1.0, 2.0]",1.0,2.0,0.48272968158830976,False
CC20_432b_2,target_post,1807,0.035052666291633526,2,"[1.0, 2.0]",1.0,2.0,0.5388681226781744,False
CC20_432b_3,target_post,1807,0.035052666291633526,2,"[1.0, 2.0]",1.0,2.0,0.6126819267801191,False
CC20_432b_4,target_post,1807,0.035052666291633526,2,"[1.0, 2.0]",1.0,2.0,0.3068315787239245,False
CC20_432b_5,target_post,1807,0.035052666291633526,2,"[1.0, 2.0]",1.0,2.0,0.1979445360318027,False
CC20_432b_6,target_post,1807,0.035052666291633526,2,"[1.0, 2.0]",1.0,2.0,0.33624635498255834,False
CC20_432b_7,target_post,1807,0.035052666291633526,2,"[1.0, 2.0]",1.0,2.0,0.36710137298902956,False
CC20_432b_8,target_post,1807,0.035052666291633526,2,"[1.0, 2.0]",1.0,2.0,0.16920838409956812,False
CC20_432b_9,target_post,1807,0.035052666291633526,2,"[1.0, 2.0]",1.0,2.0,0.1549219708602412,False
CC20_433_dem,target_post,20378,0.3952978603712828,2,"[1.0, 2.0]",1.0,2.0,0.6023440221909337,False
CC20_433_rep,target_post,13800,0.26769606797152334,2,"[1.0, 2.0]",1.0,2.0,0.6264865181712908,False
CC20_433a,target_post,51551,1.0,4,"[1.0, 2.0, 3.0, 4.0]",1.0,4.0,1.2236413278834601,True
CC20_433b,target_post,17343,0.33642412368334274,4,"[1.0, 2.0, 3.0, 8.0]",1.0,8.0,1.2001041683291647,False
CC20_440a,target_post,51522,0.9994374502919439,5,"[1.0, 2.0, 3.0, 4.0, 5.0]",1.0,5.0,1.5196935910291782,True
CC20_440b,target_post,50280,0.9753448041745068,5,"[1.0, 2.0, 3.0, 4.0, 5.0]",1.0,5.0,1.4821873365804747,True
CC20_440c,target_post,51286,0.994859459564315,5,"[1.0, 2.0, 3.0, 4.0, 5.0]",1.0,5.0,1.462667054432695,True
CC20_440d,target_post,51279,0.9947236717037496,5,"[1.0, 2.0, 3.0, 4.0, 5.0]",1.0,5.0,1.55926568647491,True
CC20_441a,target_post,51516,0.9993210606971736,5,"[1.0, 2.0, 3.0, 4.0, 5.0]",1.0,5.0,1.585283836720143,True
CC20_441b,target_post,51511,0.9992240693681985,5,"[1.0, 2.0, 3.0, 4.0, 5.0]",1.0,5.0,1.5585239908207842,True
CC20_441e,target_post,12543,0.24331244786716066,5,"[1.0, 2.0, 3.0, 4.0, 5.0]",1.0,5.0,1.356311948312706,False
CC20_441f,target_post,12542,0.24329304960136564,5,"[1.0, 2.0, 3.0, 4.0, 5.0]",1.0,5.0,1.3374564286542105,False
CC20_441g,target_post,12542,0.24329304960136564,5,"[1.0, 2.0, 3.0, 4.0, 5.0]",1.0,5.0,1.4591431208772558,False
CC20_442a,target_post,51510,0.9992046711024034,2,"[1.0, 2.0]",1.0,2.0,0.6928555252481838,True
CC20_442b,target_post,51526,0.9995150433551241,2,"[1.0, 2.0]",1.0,2.0,0.6929550538665693,True
CC20_442c,target_post,51541,0.9998060173420497,2,"[1.0, 2.0]",1.0,2.0,0.6468518993207031,True
CC20_442d,target_post,51541,0.9998060173420497,2,"[1.0, 2.0]",1.0,2.0,0.6648228101268275,True
CC20_442e,target_post,51512,0.9992434676339935,2,"[1.0, 2.0]",1.0,2.0,0.693130670867145,True
CC20_443_1,target_post,51547,0.9999224069368199,5,"[1.0, 2.0, 3.0, 4.0, 5.0]",1.0,5.0,1.5111884701580927,True
CC20_443_2,target_post,51547,0.9999224069368199,5,"[1.0, 2.0, 3.0, 4.0, 5.0]",1.0,5.0,1.310291022073197,True
CC20_443_3,target_post,51546,0.9999030086710248,5,"[1.0, 2.0, 3.0, 4.0, 5.0]",1.0,5.0,1.320827089725514,True
CC20_443_4,target_post,51547,0.9999224069368199,5,"[1.0, 2.0, 3.0, 4.0, 5.0]",1.0,5.0,1.5280875028142706,True
CC20_443_5,target_post,51537,0.9997284242788694,5,"[1.0, 2.0, 3.0, 4.0, 5.0]",1.0,5.0,1.2656084558892589,True
